-0.67,-0.66,-0.85,-0.83,323.69,36.31,107.92
-0.68,-0.63,-0.85,-0.81,323.57,36.43,107.92
-0.65,-0.62,-0.71,-0.73,323.6,36.41,107.92
-0.66,-0.67,-0.81,-0.76,323.45,36.57,107.92
-0.69,-0.65,-0.82,-0.88,323.82,36.14,107.92
-0.69,-0.65,-0.82,-0.88,323.82,36.14,107.92
-0.6,-0.61,-0.77,-0.81,323.69,36.28,107.92
-0.61,-0.66,-0.67,-0.73,323.54,36.47,107.92
-0.66,-0.68,-0.76,-0.78,323.53,36.43,107.92
-0.68,-0.68,-0.72,-0.75,323.52,36.5,107.92
-0.6,-0.56,-0.8,-0.79,323.8,36.17,107.92
-0.6,-0.56,-0.8,-0.79,323.8,36.17,107.92
-0.66,-0.7,-0.81,-0.8,323.6,36.33,107.92
-0.58,-0.55,-0.82,-0.84,324.0,36.07,107.92
-0.69,-0.71,-0.77,-0.75,323.8,36.2,107.92
-0.69,-0.71,-0.77,-0.75,323.8,36.2,107.92
-0.65,-0.66,-0.83,-0.85,323.7,36.22,107.92
-0.58,-0.63,-0.88,-0.91,323.65,36.4,107.92
-0.64,-0.62,-0.73,-0.73,323.43,36.55,107.92
-0.64,-0.62,-0.73,-0.73,323.43,36.55,107.92
-0.58,-0.63,-0.83,-0.77,323.49,36.48,107.92
-0.6,-0.65,-0.77,-0.82,323.4,36.57,107.92
-0.62,-0.62,-0.75,-0.73,323.31,36.65,107.92
-0.62,-0.62,-0.75,-0.73,323.31,36.65,107.92
-0.65,-0.63,-0.83,-0.75,323.62,36.33,107.92
-0.54,-0.52,-0.84,-0.88,323.65,36.35,107.92
-0.63,-0.66,-0.78,-0.75,323.44,36.51,107.92
-0.63,-0.66,-0.78,-0.75,323.44,36.51,107.92
-0.63,-0.62,-0.69,-0.78,323.67,36.3,107.92
-0.66,-0.67,-0.73,-0.72,323.42,36.6,107.92
-0.59,-0.6,-0.75,-0.79,323.6,36.39,107.92
-0.59,-0.6,-0.75,-0.79,323.6,36.39,107.92
-0.6,-0.58,-0.83,-0.82,323.61,36.41,107.92
-0.67,-0.66,-0.78,-0.71,323.64,36.35,107.92
-0.63,-0.61,-0.78,-0.89,323.79,36.23,107.92
-0.55,-0.61,-0.81,-0.82,323.68,36.31,107.92
-0.67,-0.65,-0.75,-0.66,323.7,36.28,107.92
-0.63,-0.58,-0.79,-0.81,323.88,36.11,107.92
-0.56,-0.59,-0.75,-0.76,323.86,36.16,107.92
-0.66,-0.65,-0.7,-0.73,323.8,36.21,107.92
-0.61,-0.63,-0.75,-0.7,323.78,36.19,107.92
-0.61,-0.63,-0.75,-0.7,323.78,36.19,107.92
-0.63,-0.58,-0.77,-0.81,323.92,36.15,107.92
-0.65,-0.65,-0.77,-0.82,323.87,36.12,107.92
-0.57,-0.52,-0.76,-0.76,323.93,35.91,107.92
-0.57,-0.52,-0.76,-0.76,323.93,35.91,107.92
-0.59,-0.61,-0.78,-0.76,323.75,36.37,107.92
-0.61,-0.65,-0.8,-0.75,323.71,36.31,107.92
-0.64,-0.6,-0.76,-0.74,323.7,36.29,107.92
-0.64,-0.6,-0.76,-0.74,323.7,36.29,107.92
-0.6,-0.71,-0.75,-0.79,323.64,36.37,107.92
-0.67,-0.58,-0.79,-0.84,323.69,36.33,107.92
-0.55,-0.54,-0.8,-0.82,323.66,36.28,107.92
-0.66,-0.67,-0.71,-0.71,323.61,36.34,107.92
-0.62,-0.62,-0.72,-0.73,323.71,36.29,107.92
-0.57,-0.67,-0.74,-0.75,323.73,36.15,107.92
-0.57,-0.67,-0.74,-0.75,323.73,36.15,107.92
-0.61,-0.58,-0.81,-0.79,323.66,36.26,107.92
-0.71,-0.73,-0.73,-0.74,323.62,36.31,107.92
-0.71,-0.73,-0.73,-0.74,323.62,36.31,107.92
-0.58,-0.59,-0.82,-0.79,323.98,35.91,107.92
-0.6,-0.57,-0.8,-0.84,323.97,36.03,107.92
-0.55,-0.57,-0.77,-0.8,323.71,36.27,107.92
-0.55,-0.57,-0.77,-0.8,323.71,36.27,107.92
-0.67,-0.68,-0.73,-0.78,323.58,36.38,107.92
-0.66,-0.64,-0.77,-0.78,323.63,36.36,107.92
-0.64,-0.7,-0.8,-0.78,323.9,35.97,107.92
-0.64,-0.7,-0.8,-0.78,323.9,35.97,107.92
-0.53,-0.57,-0.85,-0.76,324.15,35.84,107.92
-0.6,-0.6,-0.83,-0.85,323.64,36.34,107.92
-0.76,-0.64,-0.75,-0.78,323.95,36.05,107.92
-0.76,-0.64,-0.75,-0.78,323.95,36.05,107.92
-0.65,-0.65,-0.84,-0.76,323.76,36.22,107.92
-0.59,-0.64,-0.69,-0.72,323.74,36.19,107.92
-0.59,-0.64,-0.69,-0.72,323.74,36.19,107.92
-0.64,-0.55,-0.71,-0.72,323.74,36.27,107.92
6.96,7.17,-2.31,-2.36,353.87,5.49,107.92
9.13,9.23,-1.61,-1.53,359.51,-0.33,107.92
9.13,9.23,-1.61,-1.53,359.51,-0.33,107.92
14.1,12.36,16.4,18.34,104.67,-126.31,107.92
-1.9,-4.15,22.2,21.71,210.3,137.81,107.92
-7.96,-8.71,15.95,5.13,269.76,49.36,107.92
-7.96,-8.71,15.95,5.13,269.76,49.36,107.92
9.4,14.01,-0.05,7.26,20.56,-48.59,107.92
9.24,6.83,18.54,20.7,110.76,-134.55,107.92
9.24,6.83,18.54,20.7,110.76,-134.55,107.92
-2.06,-10.11,22.68,17.3,209.61,96.7,107.92
-1.09,3.81,-3.09,-2.39,355.4,-10.53,107.92
12.04,11.66,9.49,12.55,61.06,-73.12,107.92
12.04,11.66,9.49,12.55,61.06,-73.12,107.92
5.74,0.63,20.78,22.69,132.62,-178.13,107.92
-13.15,-13.97,16.33,10.84,268.77,67.94,107.92
-0.14,5.19,-3.43,-1.78,3.21,-19.21,107.92
-0.14,5.19,-3.43,-1.78,3.21,-19.21,107.92
11.29,10.47,9.56,13.88,60.0,-75.82,107.92
-4.02,-0.32,0.02,-0.54,337.33,31.63,107.92
-4.02,-0.32,0.02,-0.54,337.33,31.63,107.92
1.42,1.3,-1.54,-1.71,354.83,5.14,107.92
-5.63,-5.78,2.1,2.18,325.48,34.24,107.92
-5.63,-5.78,2.1,2.18,325.48,34.24,107.92
-6.44,-6.64,2.19,2.68,323.63,38.3,107.92
-7.89,-8.75,10.67,9.44,295.36,60.78,107.92
-7.89,-8.75,10.67,9.44,295.36,60.78,107.92
4.75,6.74,22.24,21.98,196.9,176.62,107.92
5.19,9.25,21.0,20.53,202.3,-176.61,107.92
1.25,-4.78,-4.98,0.41,332.03,52.08,107.92
1.25,-4.78,-4.98,0.41,332.03,52.08,107.92
13.78,19.99,17.86,11.14,153.1,-89.01,107.92
20.97,-0.49,8.34,-0.4,74.76,1.39,107.92
20.97,-0.49,8.34,-0.4,74.76,1.39,107.92
-4.09,6.15,12.51,18.34,263.66,145.71,107.92
17.02,10.58,-2.76,-6.12,21.93,4.57,107.92
11.18,12.43,16.92,16.51,190.1,178.36,107.92
11.18,12.43,16.92,16.51,190.1,178.36,107.92
10.41,-3.65,-7.19,-0.1,352.43,63.94,107.92
17.95,19.67,11.95,9.25,130.04,-103.34,107.92
-3.33,0.37,6.73,12.72,269.36,114.67,107.92
-3.33,0.37,6.73,12.72,269.36,114.67,107.92
20.52,16.94,2.51,-5.33,67.94,-21.05,107.92
8.8,14.57,13.91,11.62,204.82,-165.65,107.92
4.47,0.79,-8.33,-6.04,325.41,50.26,107.92
4.47,0.79,-8.33,-6.04,325.41,50.26,107.92
15.94,18.41,7.93,3.11,141.57,-88.09,107.92
-1.19,0.62,6.88,8.99,253.2,118.42,107.92
17.16,14.0,-1.84,-6.75,55.23,-16.99,107.92
17.16,14.0,-1.84,-6.75,55.23,-16.99,107.92
6.69,11.54,9.47,8.67,216.36,172.44,107.92
-1.42,-0.65,2.84,5.1,275.79,94.61,107.92
12.64,12.66,8.69,8.52,154.42,-151.54,107.92
12.64,12.66,8.69,8.52,154.42,-151.54,107.92
15.39,14.88,2.36,1.28,61.92,-51.8,107.92
3.04,2.86,-3.29,-3.22,316.07,44.94,107.92
-0.44,-0.07,5.94,6.35,264.18,98.03,107.92
-0.44,-0.07,5.94,6.35,264.18,98.03,107.92
0.83,0.6,7.18,0.82,258.7,272.01,107.92
3.25,3.61,-3.7,-3.66,323.96,35.12,107.92
11.34,11.37,-2.31,-2.23,6.53,-7.61,107.92
11.93,10.78,11.39,12.01,159.81,-172.83,107.92
-3.51,-4.41,10.74,8.83,257.64,91.54,107.92
1.47,8.53,-1.34,-2.0,324.92,2.27,107.92
1.47,8.53,-1.34,-2.0,324.92,2.27,107.92
14.1,13.1,8.64,11.56,82.92,-114.42,107.92
3.69,-1.09,17.47,15.95,207.19,124.76,107.92
-1.33,2.5,0.02,-2.67,318.02,23.68,107.92
14.85,14.64,7.51,10.2,60.26,-78.7,107.92
9.4,8.32,17.73,18.33,153.85,-166.21,107.92
-2.19,-4.79,17.3,14.07,245.17,95.86,107.92
-2.19,-4.79,17.3,14.07,245.17,95.86,107.92
3.43,12.51,-3.16,1.41,350.44,-26.26,107.92
13.64,12.37,14.01,15.82,90.73,-107.57,107.92
5.61,4.78,20.95,21.15,179.07,174.05,107.92
5.61,4.78,20.95,21.15,179.07,174.05,107.92
9.08,10.28,-1.57,-0.97,358.13,-3.11,107.92
11.22,11.19,-0.55,-0.69,9.46,-8.25,107.92
11.22,11.19,-0.55,-0.69,9.46,-8.25,107.92
5.11,4.53,-2.78,-2.56,346.03,15.29,107.92
-0.57,-0.56,-0.54,-0.54,321.76,37.39,107.92
-0.57,-0.56,-0.54,-0.54,321.76,37.39,107.92
-0.9,-0.81,-0.1,-0.25,320.97,38.77,107.92
-0.89,-0.81,-0.88,-0.66,323.39,36.49,107.92
-1.03,-0.9,-0.92,-0.95,323.53,36.35,107.92
-0.61,-0.62,-0.54,-0.53,323.35,36.66,107.92
-0.61,-0.62,-0.54,-0.53,323.35,36.66,107.92
-0.62,-0.44,-0.63,-0.43,324.39,35.74,107.92
-0.74,-0.66,-0.98,-0.9,324.43,35.48,107.92
-0.52,-0.67,-0.7,-0.78,324.01,35.93,107.92
-0.53,-0.4,-0.55,-0.66,324.21,35.87,107.92
-0.7,-0.54,-0.92,-0.84,324.28,35.7,107.92
-0.64,-0.29,-1.04,0.37,323.92,332.19,107.92
-0.64,-0.29,-1.04,0.37,323.92,332.19,107.92
-0.63,-0.54,-0.81,-0.83,324.09,35.72,107.92
-0.62,-0.62,-0.56,-0.61,324.08,35.94,107.92
-0.65,-0.68,-0.89,-0.85,324.26,35.71,107.92
-0.65,-0.68,-0.89,-0.85,324.26,35.71,107.92
-0.66,-0.57,-1.03,-0.91,324.15,35.74,107.92
-0.6,-0.53,-0.83,-0.81,323.86,36.1,107.92
-0.59,-0.65,-0.64,-0.66,324.07,35.96,107.92
-0.6,-0.58,-0.71,-0.71,324.42,35.58,107.92
-0.61,-0.64,-0.77,-0.91,324.06,35.95,107.92
-0.71,-0.65,-0.68,-0.73,323.79,36.22,107.92
-0.71,-0.65,-0.68,-0.73,323.79,36.22,107.92
-0.64,-0.64,-0.69,-0.68,324.04,36.16,107.92
-0.62,-0.57,-0.76,-0.81,323.79,36.29,107.92
-0.62,-0.57,-0.76,-0.81,323.79,36.29,107.92
-0.62,-0.67,-0.8,-0.92,323.56,36.29,107.92
-0.55,-0.55,-0.86,-0.92,323.9,36.13,107.92
-0.63,-0.66,-0.76,-0.76,323.71,36.49,107.92
-0.63,-0.66,-0.76,-0.76,323.71,36.49,107.92
-0.62,-0.54,-0.72,-0.76,323.88,35.98,107.92
-0.63,-0.58,-0.63,-0.5,323.99,35.86,107.92
-0.62,-0.6,-0.8,-0.85,324.23,35.75,107.92
-0.62,-0.6,-0.8,-0.85,324.23,35.75,107.92
-0.57,-0.64,-0.68,-0.8,324.05,35.82,107.92
-0.71,-0.54,-0.92,-0.82,324.29,35.87,107.92
-0.71,-0.54,-0.92,-0.82,324.29,35.87,107.92
-0.6,-0.57,-0.8,-0.8,323.83,36.11,107.92
-0.56,-0.54,-0.9,-0.76,323.94,36.04,107.92
-0.65,-0.72,-0.91,-0.89,324.02,35.98,107.92
-0.65,-0.72,-0.91,-0.89,324.02,35.98,107.92
-0.61,-0.73,-0.68,-0.67,323.68,36.36,107.92
-0.67,-0.61,-0.69,-0.64,323.58,36.46,107.92
-0.68,-0.64,-0.85,-1.01,324.1,35.84,107.92
-0.68,-0.64,-0.85,-1.01,324.1,35.84,107.92
-0.69,-0.64,-0.67,-0.93,323.47,36.37,107.92
-0.45,-0.58,-0.56,-0.6,323.58,36.38,107.92
-0.71,-0.81,-0.93,-0.76,323.95,36.06,107.92
-0.71,-0.81,-0.93,-0.76,323.95,36.06,107.92
-0.54,-0.7,-0.46,-0.62,323.95,36.12,107.92
-0.66,-0.7,-0.64,-0.68,323.65,36.43,107.92
-0.66,-0.7,-0.64,-0.68,323.65,36.43,107.92
-0.62,-0.5,-0.54,-0.51,323.17,36.5,107.92
-1.79,-1.74,0.23,0.47,318.54,41.96,107.92
-1.79,-1.74,0.23,0.47,318.54,41.96,107.92
-1.26,-1.03,-0.3,-0.42,320.66,38.47,107.92
-0.21,-0.33,-0.99,-1.24,325.21,34.21,107.92
-0.8,-0.83,-1.19,-0.89,325.24,35.54,107.92
-0.8,-0.69,-0.87,-0.86,323.7,36.85,107.92
-0.8,-0.69,-0.87,-0.86,323.7,36.85,107.92
-0.99,-0.86,-0.21,-0.33,320.81,38.34,107.92
-0.99,-0.86,-0.21,-0.33,320.81,38.34,107.92
-1.1,-0.15,0.23,-0.5,319.84,35.81,107.92
-0.87,-0.71,-0.95,-0.87,324.23,35.75,107.92
-1.07,-0.98,-0.47,-0.46,322.05,37.8,107.92
-1.07,-0.98,-0.47,-0.46,322.05,37.8,107.92
0.0,-0.52,-1.25,-1.33,327.36,33.47,107.92
-0.83,-0.79,-0.93,-0.8,324.48,36.02,107.92
-0.65,-0.35,-0.36,-0.61,323.06,36.74,107.92
-0.65,-0.35,-0.36,-0.61,323.06,36.74,107.92
-0.19,-0.04,-1.09,-1.28,326.26,33.58,107.92
-0.85,-0.57,-1.29,-0.97,325.09,35.65,107.92
-0.93,-0.45,-0.6,-0.66,322.37,37.59,107.92
-0.93,-0.45,-0.6,-0.66,322.37,37.59,107.92
-0.54,-0.59,-1.13,-1.05,324.6,36.03,107.92
-1.67,-1.74,-0.75,-0.45,319.51,41.5,107.92
-1.18,-1.25,-0.47,-0.3,321.78,38.89,107.92
-0.26,-0.42,-0.63,-0.86,324.49,36.54,107.92
0.0,-0.01,-1.1,-1.11,327.02,33.01,107.92
-0.22,-0.05,-0.69,-0.91,324.56,34.16,107.92
-0.48,-0.44,-0.75,-0.91,324.51,35.41,107.92
-1.0,-0.96,-0.66,-0.62,322.66,37.22,107.92
-0.96,-0.93,-0.27,-0.31,322.04,37.56,107.92
-0.96,-0.93,-0.27,-0.31,322.04,37.56,107.92
-0.55,-0.93,-0.56,-0.68,323.36,36.94,107.92
-0.63,-0.39,-0.36,-0.58,323.09,35.87,107.92
-0.84,-0.31,-0.64,0.3,322.08,332.17,106.17
-0.84,-0.31,-0.64,0.3,322.08,332.17,104.06
-0.93,-0.86,-0.49,-0.61,322.47,37.42,98.7
-0.62,-0.51,-0.57,-0.52,322.58,37.37,89.47
-0.65,-0.53,-0.59,-0.71,322.9,37.11,75.67
-0.65,-0.53,-0.59,-0.71,322.9,37.11,66.53
-0.55,-0.7,-0.92,-0.84,323.59,36.38,57.12
-0.63,-0.62,-0.73,-0.68,323.31,36.66,47.19
-0.47,-0.5,-0.77,-0.7,323.44,36.52,33.48
-0.47,-0.5,-0.77,-0.7,323.44,36.52,23.99
-0.67,-0.68,-0.67,-0.7,323.49,36.57,14.76
-0.68,-0.57,-0.86,-0.87,323.42,36.59,5.0
-0.71,-0.74,-0.9,-0.86,323.29,36.69,350.94
-0.71,-0.74,-0.9,-0.86,323.29,36.69,344.09
-0.66,-0.47,-0.87,-0.85,323.18,37.15,341.1
-0.62,-0.61,-0.83,-0.73,323.21,36.77,339.69
-0.62,-0.61,-0.83,-0.73,323.21,36.77,338.46
-0.55,-0.54,-0.67,-0.81,323.29,36.69,339.08
-0.75,-0.52,-0.8,-0.73,323.24,36.67,340.22
-0.62,-0.67,-0.79,-0.75,323.42,36.6,342.15
-0.62,-0.67,-0.79,-0.75,323.42,36.6,344.17
-0.54,-0.56,-0.83,-0.82,323.65,36.5,347.34
-0.67,-0.68,-0.79,-0.79,323.35,36.64,352.96
-0.63,-0.76,-0.74,-0.65,323.26,36.84,8.87
-0.63,-0.76,-0.74,-0.65,323.26,36.84,20.39
-0.79,-0.66,-0.71,-0.74,323.15,36.82,31.99
-0.65,-0.69,-0.65,-0.73,323.39,36.57,44.29
-0.59,-0.6,-0.72,-0.82,323.33,36.63,61.43
-0.59,-0.6,-0.72,-0.82,323.33,36.63,73.37
-0.67,-0.61,-0.84,-0.84,323.4,36.63,85.25
-0.63,-0.67,-0.86,-0.84,323.43,36.59,96.94
-0.64,-0.55,-0.68,-0.87,323.4,36.65,113.99
-0.64,-0.55,-0.68,-0.87,323.4,36.65,125.5
-0.62,-0.62,-0.83,-0.91,323.38,36.36,137.72
-0.6,-0.67,-0.82,-0.8,323.24,36.73,149.58
-0.6,-0.67,-0.82,-0.8,323.24,36.73,161.1
-0.62,-0.65,-0.83,-0.83,323.45,36.57,178.5
-0.61,-0.63,-0.75,-0.74,323.32,36.65,190.28
-0.7,-0.63,-0.71,-0.73,323.46,36.53,202.41
-0.68,-0.59,-0.79,-0.79,323.53,36.45,219.02
-0.68,-0.59,-0.79,-0.79,323.53,36.45,226.31
-0.62,-0.71,-0.77,-0.81,323.64,36.21,230.09
-0.65,-0.68,-0.86,-0.74,323.49,36.48,232.38
-0.65,-0.68,-0.86,-0.74,323.49,36.48,233.96
-0.66,-0.61,-0.76,-0.73,323.79,36.27,235.89
-0.55,-0.72,-0.8,-0.77,323.55,36.44,236.68
-0.67,-0.75,-0.84,-0.71,323.58,36.33,236.6
-0.62,-0.56,-0.82,-0.84,323.77,36.21,234.31
-0.62,-0.56,-0.82,-0.84,323.77,36.21,231.41
-0.62,-0.64,-0.8,-0.85,323.58,36.38,223.68
-0.64,-0.6,-0.7,-0.72,323.6,36.43,213.66
-0.64,-0.6,-0.7,-0.72,323.6,36.43,204.78
-0.61,-0.69,-0.78,-0.78,323.56,36.32,190.81
-0.62,-0.8,-0.78,-0.81,323.68,36.27,180.79
-0.65,-0.87,-0.69,-0.71,323.61,36.46,171.82
-0.65,-0.87,-0.69,-0.71,323.61,36.46,162.24
-0.52,-0.75,-0.81,-0.81,323.71,36.21,148.35
-0.63,-0.76,-0.8,-0.83,323.75,36.22,139.21
-0.64,-0.82,-0.9,-0.72,323.76,36.2,129.89
-0.64,-0.82,-0.9,-0.72,323.76,36.2,120.32
-0.7,-0.7,-0.75,-0.67,323.58,36.4,111.79
-0.71,-0.64,-0.77,-0.82,323.75,36.28,109.95
-0.68,-0.69,-0.85,-0.84,323.61,36.42,108.72
-0.68,-0.69,-0.85,-0.84,323.61,36.42,108.19
-0.6,-0.6,-0.91,-0.89,323.56,36.39,109.42
7.88,8.15,-2.02,-1.71,358.53,-0.04,113.55
15.91,15.49,10.67,11.94,64.49,-71.62,119.61
15.91,15.49,10.67,11.94,64.49,-71.62,125.85
11.75,14.7,1.78,6.27,25.1,-42.09,135.17
-0.33,4.13,-2.81,-2.94,346.31,1.04,141.59
-5.49,-8.04,18.35,13.65,255.98,80.73,148.0
-5.49,-8.04,18.35,13.65,255.98,80.73,154.07
3.86,0.34,22.64,22.64,182.59,147.6,162.5
13.62,-0.43,11.82,0.01,68.38,353.42,165.23
13.62,-0.43,11.82,0.01,68.38,353.42,165.23
7.35,11.47,-0.28,3.23,13.94,-31.91,165.23
-9.57,-8.13,3.73,1.8,316.46,35.71,165.23
5.58,6.25,-1.37,-1.29,356.57,0.23,165.23
5.58,6.25,-1.37,-1.29,356.57,0.23,165.23
2.45,2.17,-1.84,-1.77,349.0,12.13,164.0
-5.46,-5.49,3.87,4.03,311.65,48.64,162.07
-6.95,-6.61,8.09,8.64,295.11,66.59,157.5
-6.95,-6.61,8.09,8.64,295.11,66.59,148.62
3.1,6.32,20.23,20.48,217.52,163.54,138.95
18.12,20.05,14.98,12.02,120.63,-93.04,124.8
18.8,14.21,3.03,-2.57,45.23,-15.18,115.57
18.8,14.21,3.03,-2.57,45.23,-15.18,106.43
-2.42,-5.29,-0.66,7.7,309.47,78.38,96.5
4.91,8.5,17.16,17.31,226.38,154.42,87.09
14.99,17.46,15.01,12.76,145.93,-122.69,72.86
14.99,17.46,15.01,12.76,145.93,-122.69,63.45
18.42,6.28,-0.99,-5.9,31.29,23.34,55.54
-3.04,-1.5,7.23,10.17,271.66,100.17,52.64
6.78,10.53,15.76,15.13,213.84,169.54,50.71
6.78,10.53,15.76,15.13,213.84,169.54,50.44
18.45,19.83,9.05,3.62,111.77,-65.93,50.44
12.36,6.47,-7.44,-7.54,355.67,27.41,50.44
-1.17,-0.86,3.51,5.68,282.76,84.44,50.44
-1.17,-0.86,3.51,5.68,282.76,84.44,50.44
9.99,11.46,15.01,14.42,190.82,-179.9,50.44
14.82,14.87,11.68,11.71,130.67,-129.56,50.44
14.82,14.87,11.68,11.71,130.67,-129.56,50.44
17.16,16.23,2.9,1.42,42.87,-34.23,51.06
15.97,16.11,5.84,5.98,57.64,-59.01,53.17
15.97,16.11,5.84,5.98,57.64,-59.01,58.88
9.73,4.95,16.3,17.29,173.62,150.94,68.11
12.69,11.83,14.46,15.66,134.68,-149.45,74.61
14.42,13.52,11.83,12.94,87.33,-99.11,81.21
14.42,13.52,11.83,12.94,87.33,-99.11,87.36
14.72,15.07,3.88,8.75,36.62,-63.66,96.59
-3.84,-3.65,1.04,0.77,316.44,42.35,106.17
-3.84,-3.65,1.04,0.77,316.44,42.35,107.66
1.57,-3.46,19.45,16.41,223.37,106.38,107.84
8.53,6.6,19.85,20.55,170.81,173.86,107.75
12.98,12.3,15.6,16.92,103.92,-115.02,107.75
12.98,12.3,15.6,16.92,103.92,-115.02,107.75
2.62,-0.29,18.61,16.62,236.7,106.21,107.75
-1.64,-1.34,-1.1,-0.57,324.56,37.49,107.4
-4.94,-4.85,7.9,8.17,286.47,75.13,104.76
-4.94,-4.85,7.9,8.17,286.47,75.13,101.6
21.03,13.99,4.27,-5.72,61.88,-0.67,97.03
12.57,13.28,16.25,15.58,164.01,-156.47,93.86
7.22,9.25,15.75,16.19,215.51,157.61,90.52
7.22,9.25,15.75,16.19,215.51,157.61,87.62
-1.4,2.25,8.6,13.05,269.46,112.81,84.28
0.99,-1.78,-2.98,0.17,317.1,57.41,80.24
19.97,19.71,5.07,4.7,60.0,-55.44,79.26
19.97,19.71,5.07,4.7,60.0,-55.44,79.26
9.56,5.83,-3.51,-4.03,353.96,24.09,79.26
3.3,2.47,-3.23,-3.28,336.98,25.53,79.26
0.86,0.67,-1.48,-1.35,316.91,44.1,79.26
0.0,3.0,-0.77,-1.58,318.69,32.95,81.47
5.87,6.29,-2.85,-2.77,341.99,16.24,87.27
15.32,0.15,12.93,0.52,98.3,313.87,94.3
-2.97,-8.08,20.37,14.74,222.91,98.83,100.81
-2.97,-8.08,20.37,14.74,222.91,98.83,106.96
-7.07,-3.74,11.56,-0.52,281.02,30.79,116.19
12.07,14.52,0.94,5.39,21.01,-38.89,122.69
12.24,9.9,16.41,19.0,104.01,-130.66,129.11
12.24,9.9,16.41,19.0,104.01,-130.66,134.38
-0.46,-9.56,21.22,13.26,217.02,83.72,136.05
4.45,7.5,-2.33,-1.17,4.42,-13.43,136.49
13.59,11.9,10.84,14.79,65.56,-84.31,136.49
13.59,11.9,10.84,14.79,65.56,-84.31,136.49
-3.61,-1.93,0.14,0.17,322.97,35.34,136.49
8.78,8.09,-0.06,-0.43,10.13,-7.43,136.49
1.74,0.86,-1.57,-1.35,338.82,24.11,134.91
-6.32,-6.1,6.71,7.2,298.27,63.5,130.5
20.33,15.62,5.48,-1.45,52.81,-16.58,127.26
11.21,12.62,18.49,17.9,171.45,-159.71,124.1
11.21,12.62,18.49,17.9,171.45,-159.71,120.93
-1.0,3.39,16.02,18.37,250.96,134.32,117.77
-3.64,-3.3,7.97,9.54,284.38,82.2,113.2
6.73,1.76,-4.02,-2.63,341.09,35.58,110.12
6.73,1.76,-4.02,-2.63,341.09,35.58,108.45
19.86,19.51,12.24,12.08,92.74,-84.48,108.1
13.57,12.11,0.09,-1.19,16.09,-7.88,108.1
2.29,1.73,-2.95,-2.68,338.08,24.82,108.1
2.29,1.73,-2.95,-2.68,338.08,24.82,108.1
1.4,0.58,-1.81,-1.65,330.04,32.32,108.1
-0.18,-0.28,-1.25,-1.52,328.78,32.72,108.1
-3.27,-3.22,2.48,2.23,309.5,49.66,108.1
-3.27,-3.22,2.48,2.23,309.5,49.66,108.1
-2.19,-1.39,2.54,0.13,309.46,40.12,108.1
-0.66,-0.37,-0.27,-0.36,321.27,37.95,108.1
-0.66,-0.37,-0.27,-0.36,321.27,37.95,108.1
-1.05,-0.77,-0.46,-0.7,323.61,35.58,108.1
-0.87,-0.88,-0.7,-0.75,321.56,38.02,108.1
-0.63,-0.67,-0.58,-0.7,322.04,38.04,108.1
-0.22,0.62,-0.94,-0.86,324.39,32.27,108.1
5.0,4.7,-3.0,-2.99,346.1,15.12,108.1
5.43,5.51,-2.51,-2.62,346.74,12.79,108.1
4.58,4.94,-2.02,-2.07,341.95,16.41,108.1
4.58,4.94,-2.02,-2.07,341.95,16.41,108.1
-0.69,-0.28,-1.11,0.29,325.45,333.17,108.1
-0.69,-0.28,-1.11,0.29,325.45,333.17,108.1
-0.58,-0.75,-0.87,-0.89,323.28,36.4,108.1
-0.31,-0.38,-0.64,-0.7,324.0,36.09,108.1
-0.45,-0.48,-0.92,-0.87,325.23,34.89,108.1
-1.33,-2.24,-0.72,-0.34,321.94,42.06,108.1
-3.93,-4.07,4.17,4.2,301.6,58.69,108.1
-3.26,-3.0,3.06,3.11,306.64,52.76,108.1
-3.26,-3.0,3.06,3.11,306.64,52.76,108.1
-1.42,-1.45,-0.87,-0.59,321.22,39.41,108.1
-0.96,-0.96,-0.76,-0.83,322.08,38.08,108.1
-0.67,-0.68,-0.45,-0.47,322.18,37.92,108.1
-0.67,-0.68,-0.45,-0.47,322.18,37.92,108.1
-0.6,-0.66,-0.71,-0.49,323.55,36.61,108.1
-0.75,-0.77,-0.88,-0.89,323.79,36.19,108.1
-0.67,-0.68,-0.79,-0.84,323.37,36.64,108.1
-0.67,-0.68,-0.79,-0.84,323.37,36.64,108.1
-0.53,-0.46,-0.62,-0.7,323.41,36.51,108.1
-0.62,-0.52,-0.62,-0.66,323.69,36.36,108.1
-0.66,-0.69,-0.85,-0.87,323.47,36.5,108.1
-0.66,-0.69,-0.85,-0.87,323.47,36.5,108.1
-0.68,-0.8,-0.83,-0.88,323.28,36.6,108.1
-0.57,-0.55,-0.76,-0.74,323.32,36.69,108.1
-0.61,-0.63,-0.73,-0.71,323.36,36.65,108.1
-0.61,-0.63,-0.73,-0.71,323.36,36.65,108.1
-0.63,-0.63,-0.86,-0.82,323.38,36.58,108.1
-0.72,-0.71,-0.83,-0.83,323.46,36.5,108.1
-0.55,-0.63,-0.71,-0.79,323.37,36.63,108.1
-0.55,-0.63,-0.71,-0.79,323.37,36.63,108.1
-0.57,-0.61,-0.85,-0.75,323.51,36.58,108.1
-0.66,-0.64,-0.76,-0.75,323.31,36.7,108.1
-0.7,-0.7,-0.84,-0.77,323.19,36.81,108.1
-0.7,-0.7,-0.84,-0.77,323.19,36.81,108.1
-0.63,-0.63,-0.71,-0.71,323.28,36.68,108.1
-0.59,-0.64,-0.64,-0.73,323.44,36.43,108.1
-0.68,-0.69,-0.75,-0.76,323.63,36.35,108.1
-0.68,-0.69,-0.75,-0.76,323.63,36.35,108.1
-0.6,-0.64,-0.74,-0.71,323.66,36.3,108.1
-0.61,-0.62,-0.74,-0.72,323.67,36.34,108.1
-0.6,-0.6,-0.75,-0.74,323.86,36.16,108.1
-0.6,-0.6,-0.75,-0.74,323.86,36.16,108.1
-0.64,-0.58,-0.79,-0.8,323.7,36.33,108.1
-0.66,-0.54,-0.76,-0.83,323.82,36.19,108.1
-0.6,-0.61,-0.81,-0.8,323.7,36.3,108.1
-0.6,-0.61,-0.81,-0.8,323.7,36.3,108.1
-0.57,-0.61,-0.83,-0.82,323.67,36.31,108.1
-0.66,-0.68,-0.73,-0.74,323.77,36.21,108.1
-0.57,-0.64,-0.8,-0.74,323.51,36.47,108.1
-0.62,-0.68,-0.81,-0.78,323.61,36.39,108.1
-0.58,-0.58,-0.73,-0.76,323.65,36.33,108.1
-0.66,-0.66,-0.79,-0.82,323.88,36.14,108.1
-0.66,-0.66,-0.79,-0.82,323.88,36.14,108.1
-0.59,-0.56,-0.85,-0.86,323.55,36.47,108.1
-0.73,-0.69,-0.82,-0.84,323.48,36.51,108.1
-0.57,-0.58,-0.8,-0.79,323.58,36.38,108.1
-0.57,-0.58,-0.8,-0.79,323.58,36.38,108.1
-0.64,-0.57,-0.81,-0.81,323.33,36.64,108.1
-0.68,-0.61,-0.8,-0.73,323.19,36.74,108.1
-0.6,-0.59,-0.85,-0.84,323.63,36.36,108.1
-0.6,-0.59,-0.85,-0.84,323.63,36.36,108.1
-0.57,-0.6,-0.77,-0.8,323.39,36.62,108.1
-0.6,-0.55,-0.77,-0.79,323.35,36.67,108.1
-0.7,-0.66,-0.82,-0.78,323.28,36.7,108.1
-0.7,-0.66,-0.82,-0.78,323.28,36.7,108.1
-0.69,-0.66,-0.73,-0.74,323.58,36.52,108.1
-0.64,-0.63,-0.75,-0.79,323.57,36.33,108.1
-0.53,-0.55,-0.74,-0.76,323.68,36.32,108.1
-0.53,-0.55,-0.74,-0.76,323.68,36.32,108.1
-0.68,-0.66,-0.77,-0.74,323.73,36.23,108.1
-0.59,-0.58,-0.86,-0.87,323.75,36.25,108.1
-0.61,-0.61,-0.84,-0.76,323.23,36.73,108.1
-0.61,-0.61,-0.84,-0.76,323.23,36.73,108.1
-0.67,-0.65,-0.76,-0.73,323.17,36.75,108.1
-0.55,-0.57,-0.79,-0.79,323.28,36.69,108.1
-0.62,-0.6,-0.81,-0.81,323.48,36.55,108.1
-0.62,-0.6,-0.81,-0.81,323.48,36.55,108.1
-0.67,-0.63,-0.76,-0.71,323.4,36.53,108.1
-0.6,-0.57,-0.79,-0.79,323.64,36.34,108.1
-0.58,-0.68,-0.77,-0.77,323.35,36.59,108.1
-0.57,-0.61,-0.75,-0.75,323.54,36.44,108.1
-0.68,-0.66,-0.74,-0.87,323.59,36.42,108.1
6.63,6.85,-2.4,-2.37,352.73,6.55,108.1
6.63,6.85,-2.4,-2.37,352.73,6.55,108.1
8.42,9.15,-1.85,-1.58,356.55,-0.65,108.1
13.87,12.9,16.54,17.81,107.62,-120.78,108.1
0.07,-1.49,22.23,22.2,198.31,152.22,108.1
0.07,-1.49,22.23,22.2,198.31,152.22,108.1
-6.35,-8.54,18.37,4.91,255.36,48.39,108.1
9.95,12.45,0.42,4.03,23.34,-37.3,108.1
10.63,8.61,16.52,19.12,97.04,-118.32,108.1
10.63,8.61,16.52,19.12,97.04,-118.32,108.1
0.56,-5.23,22.86,21.51,191.93,128.48,108.1
-8.47,-4.11,0.04,-2.31,331.63,13.75,108.1
10.39,12.08,1.79,8.22,35.07,-56.71,108.1
10.39,12.08,1.79,8.22,35.07,-56.71,108.1
8.39,3.21,19.36,22.04,115.0,-158.35,108.1
-10.35,-11.94,20.13,18.03,247.06,100.18,108.1
-7.86,0.75,-1.25,-3.34,339.6,-5.37,108.1
-7.86,0.75,-1.25,-3.34,339.6,-5.37,108.1
10.98,11.31,6.6,11.91,50.8,-67.88,108.1
1.1,0.21,23.54,23.46,193.24,159.94,108.1
-3.32,-2.92,-0.4,-0.56,340.11,18.57,108.1
-3.32,-2.92,-0.4,-0.56,340.11,18.57,108.1
-5.78,-0.51,2.14,-0.55,325.54,32.17,108.1
-5.78,-0.51,2.14,-0.55,325.54,32.17,108.1
-6.6,-6.88,2.34,2.95,322.56,39.17,108.1
-7.05,-7.26,1.91,2.22,324.61,36.84,108.1
-8.37,-8.63,9.73,9.53,298.02,61.71,108.1
-8.37,-8.63,9.73,9.53,298.02,61.71,108.1
5.08,8.24,22.15,21.73,194.18,-170.96,108.1
9.11,10.72,20.38,20.06,175.42,-163.35,108.1
-2.44,-5.98,-2.51,3.27,317.7,61.54,108.1
-2.44,-5.98,-2.51,3.27,317.7,61.54,108.1
14.95,20.1,17.19,10.75,141.04,-85.98,108.1
-5.67,-1.42,12.01,17.39,270.6,114.7,108.1
20.48,19.18,3.13,0.49,49.99,-37.47,108.1
20.48,19.18,3.13,0.49,49.99,-37.47,108.1
1.62,12.05,17.39,17.67,235.59,-178.75,108.1
6.09,0.1,-6.46,-4.24,340.63,40.33,108.1
15.5,18.57,15.03,12.89,156.02,-124.55,108.1
-3.55,-4.13,-0.3,1.41,297.2,68.42,108.1
18.49,20.39,11.14,7.95,122.61,-93.24,108.1
18.49,20.39,11.14,7.95,122.61,-93.24,108.1
-2.79,5.66,8.42,15.09,263.23,138.76,108.1
19.2,15.08,-2.38,-6.71,37.53,-9.81,108.1
10.51,12.75,13.46,12.67,195.24,179.18,108.1
9.15,1.73,-8.94,-6.83,344.59,45.72,108.1
9.15,1.73,-8.94,-6.83,344.59,45.72,108.1
15.87,18.36,7.95,3.51,143.3,-92.24,108.1
-1.63,2.22,5.87,9.94,256.8,126.65,108.1
16.45,15.85,-3.25,-4.53,44.64,-35.1,108.1
16.45,15.85,-3.25,-4.53,44.64,-35.1,108.1
4.17,10.62,8.54,8.98,229.79,164.38,108.1
-1.16,-1.07,1.26,2.84,282.2,85.0,108.1
-1.16,-1.07,1.26,2.84,282.2,85.0,108.1
12.37,12.77,8.95,8.57,160.9,-152.25,108.1
15.37,15.17,2.52,2.39,65.8,-64.05,108.1
4.75,4.06,-4.19,-3.85,325.38,39.26,108.1
4.75,4.06,-4.19,-3.85,325.38,39.26,108.1
-1.0,-0.47,4.96,5.53,269.08,94.48,108.1
0.78,0.65,6.85,6.59,258.57,98.21,108.1
3.68,3.97,-3.98,-3.91,325.9,33.45,108.1
3.68,3.97,-3.98,-3.91,325.9,33.45,108.1
11.04,11.91,-2.52,-1.9,5.1,-12.41,108.1
10.46,9.31,12.08,12.58,176.89,170.5,108.1
-5.0,-4.51,4.72,1.54,287.0,59.91,108.1
-5.0,-4.51,4.72,1.54,287.0,59.91,108.1
8.0,14.27,-2.2,2.85,353.45,-38.99,108.1
12.74,12.21,11.98,13.31,122.47,-139.97,108.1
-1.79,-4.52,15.33,11.9,239.63,97.14,108.1
-1.79,-4.52,15.33,11.9,239.63,97.14,108.1
2.18,9.42,-2.58,-1.88,336.33,-6.27,108.1
14.21,13.38,11.7,13.48,92.26,-109.83,108.1
4.78,0.35,19.34,18.94,196.11,139.05,108.1
4.78,0.35,19.34,18.94,196.11,139.05,108.1
-5.81,1.8,6.74,-2.48,296.27,19.18,108.1
14.71,15.16,6.52,8.69,49.5,-59.62,108.1
10.52,8.91,17.85,19.43,131.8,-153.62,108.1
10.52,8.91,17.85,19.43,131.8,-153.62,108.1
-1.62,-7.88,20.5,14.79,226.25,93.04,108.1
11.81,12.22,-0.14,0.08,9.92,-12.04,108.1
11.58,11.63,-0.29,-0.3,9.59,-9.29,108.1
11.58,11.63,-0.29,-0.3,9.59,-9.29,108.1
-0.44,-0.33,-0.78,0.31,324.16,331.98,108.1
-0.44,-0.33,-0.78,0.31,324.16,331.98,108.1
-0.79,-0.62,-0.18,-0.5,321.36,38.18,108.1
-0.86,-0.34,-0.71,0.29,323.38,331.98,108.1
-0.86,-0.34,-0.71,0.29,323.38,331.98,108.1
-0.57,-0.56,-0.65,-0.66,323.37,36.47,108.1
-0.54,-0.56,-0.64,-0.62,323.54,36.44,108.1
-0.83,-0.78,-0.84,-0.85,323.85,36.06,108.1
-0.83,-0.78,-0.84,-0.85,323.85,36.06,108.1
-0.64,-0.62,-0.88,-0.96,323.84,36.14,108.1
-0.46,-0.56,-0.77,-0.7,323.88,36.21,108.1
-0.65,-0.52,-0.89,-0.73,324.08,35.96,108.1
-0.65,-0.52,-0.89,-0.73,324.08,35.96,108.1
-0.64,-0.68,-0.65,-0.54,323.57,36.56,108.1
-0.66,-0.69,-0.68,-0.71,323.68,36.37,108.1
-0.66,-0.69,-0.68,-0.71,323.68,36.37,108.1
-0.71,-0.75,-0.74,-0.91,324.07,35.93,108.1
-0.72,-0.66,-0.83,-0.74,323.68,36.28,108.1
-0.77,-0.71,-0.81,-0.75,323.89,36.09,108.1
-0.77,-0.71,-0.81,-0.75,323.89,36.09,108.1
-0.59,-0.61,-0.88,-0.84,324.04,35.72,108.1
-0.67,-0.69,-0.65,-0.65,324.01,35.99,108.1
-0.57,-0.6,-0.72,-0.67,324.14,35.88,108.1
-0.57,-0.6,-0.72,-0.67,324.14,35.88,108.1
-0.73,-0.65,-0.71,-0.82,323.87,36.14,108.1
-0.57,-0.58,-0.79,-0.91,323.96,36.07,108.1
-0.66,-0.64,-0.8,-0.82,323.79,36.26,108.1
-0.66,-0.64,-0.8,-0.82,323.79,36.26,108.1
-0.56,-0.6,-0.67,-0.85,323.56,36.44,108.1
-0.69,-0.67,-0.75,-0.83,323.62,36.42,108.1
-0.74,-0.71,-0.77,-0.85,323.56,36.38,108.1
-0.74,-0.71,-0.77,-0.85,323.56,36.38,108.1
-0.62,-0.72,-0.79,-0.89,323.95,36.08,108.1
-0.68,-0.57,-0.84,-0.93,323.82,36.08,108.1
-0.67,-0.65,-0.81,-0.77,323.96,36.04,108.1
-0.67,-0.65,-0.81,-0.77,323.96,36.04,108.1
-0.58,-0.54,-0.71,-0.91,324.09,35.76,108.1
-0.66,-0.71,-0.74,-0.68,323.81,36.27,108.1
-0.66,-0.71,-0.74,-0.68,323.81,36.27,108.1
-0.73,-0.54,-0.92,-0.79,323.97,36.13,108.1
-0.59,-0.63,-0.88,-0.9,323.98,35.99,108.1
-0.61,-0.57,-0.99,-0.9,324.09,35.88,108.1
-0.61,-0.57,-0.99,-0.9,324.09,35.88,108.1
-0.69,-0.55,-0.83,-0.92,323.97,36.0,108.1
-0.43,-0.5,-0.68,-0.66,323.81,36.2,108.1
-0.43,-0.5,-0.68,-0.66,323.81,36.2,108.1
-0.56,-0.47,-0.75,-0.64,323.69,36.34,108.1
-0.61,-0.62,-0.89,-0.88,323.64,36.33,108.1
-0.58,-0.71,-0.7,-0.89,323.82,36.22,108.1
-0.58,-0.71,-0.7,-0.89,323.82,36.22,108.1
-0.68,-0.64,-0.73,-0.67,323.71,36.29,108.1
-0.52,-0.65,-0.87,-0.6,323.86,36.2,108.1
-0.54,-0.53,-0.59,-0.62,323.88,36.15,108.1
-0.54,-0.53,-0.59,-0.62,323.88,36.15,108.1
-0.59,-0.65,-0.78,-0.81,323.84,36.15,108.1
-0.43,-0.57,-0.71,-0.71,323.58,36.08,108.1
-1.8,-1.72,0.42,0.46,318.46,42.03,108.1
-1.8,-1.72,0.42,0.46,318.46,42.03,108.1
-1.43,-1.0,-0.32,-0.26,320.22,38.8,108.1
-0.32,-0.42,-1.03,-1.25,325.25,34.25,108.1
-0.65,-0.9,-1.12,-0.74,325.74,35.91,108.1
-0.65,-0.9,-1.12,-0.74,325.74,35.91,108.1
-0.73,-0.73,-0.76,-0.49,323.6,37.41,108.1
-0.88,-0.89,-0.3,-0.2,321.05,38.6,108.1
-0.88,-0.89,-0.3,-0.2,321.05,38.6,108.1
-1.25,0.03,0.24,-0.51,319.66,35.59,108.1
-0.85,-0.78,-0.94,-1.03,324.78,35.08,108.1
-1.13,-1.16,-0.6,-0.6,322.91,37.06,108.1
-1.13,-1.16,-0.6,-0.6,322.91,37.06,108.1
-0.14,-0.54,-1.16,-1.3,327.13,33.81,108.1
-0.72,-0.67,-0.89,-0.8,324.86,35.83,108.1
-0.48,-0.28,-0.51,-0.6,323.19,36.62,108.1
-0.48,-0.28,-0.51,-0.6,323.19,36.62,108.1
-0.29,-0.15,-1.11,-1.31,326.54,33.43,108.1
-0.66,-0.43,-1.03,-0.92,324.64,35.84,108.1
-0.65,-0.39,-0.73,-0.64,323.35,36.63,108.1
-0.65,-0.39,-0.73,-0.64,323.35,36.63,108.1
-0.61,-0.57,-0.72,-0.87,323.37,36.35,108.1
-1.15,-1.33,-0.58,-0.45,320.47,40.16,108.1
-1.57,-1.63,-0.66,-0.38,320.98,40.13,108.1
-0.54,-0.25,-0.59,0.28,322.29,332.03,108.1
0.03,-0.03,-1.14,-1.07,326.59,33.53,108.1
0.11,0.07,-1.19,-1.29,326.69,32.74,108.1
0.11,0.07,-1.19,-1.29,326.69,32.74,108.1
-0.57,-0.38,-0.83,-0.99,324.22,36.06,108.1
-0.69,-0.24,-0.67,0.25,324.25,331.98,108.1
-0.69,-0.24,-0.67,0.25,324.25,331.98,108.1
-0.68,-0.64,-0.74,-0.64,323.49,36.86,108.1
-0.03,0.11,-0.66,-0.94,325.3,33.65,108.1
-0.64,-0.41,-0.33,-0.5,322.69,36.72,106.78
-0.75,-0.71,-0.77,-0.69,322.94,36.62,105.11
-0.72,-0.63,-0.75,-0.83,323.39,36.45,99.05
-0.62,-0.52,-0.52,-0.66,322.52,37.33,89.82
-0.62,-0.52,-0.52,-0.66,322.52,37.33,80.5
-0.57,-0.48,-0.82,-0.64,323.12,36.66,71.1
-0.64,-0.61,-0.81,-0.82,323.75,36.29,61.43
-0.64,-0.63,-0.82,-0.88,323.77,36.2,47.63
-0.64,-0.63,-0.82,-0.88,323.77,36.2,38.23
-0.63,-0.56,-0.74,-0.74,323.74,36.25,28.74
-0.73,-0.49,-0.72,-0.71,323.75,36.25,14.94
-0.85,-0.69,-0.89,-0.73,323.59,36.36,5.27
-0.85,-0.69,-0.89,-0.73,323.59,36.36,355.86
-0.85,-0.77,-0.86,-0.75,323.61,36.32,346.99
-0.98,-1.13,-0.78,-0.69,323.75,36.33,342.07
-0.65,-0.63,-0.75,-0.84,323.71,36.27,339.69
-0.65,-0.63,-0.75,-0.84,323.71,36.27,338.46
-0.65,-0.67,-0.71,-0.72,323.77,36.22,340.13
-0.65,-0.67,-0.71,-0.72,323.77,36.22,341.54
-0.56,-0.62,-0.91,-0.78,323.68,36.38,343.21
-0.65,-0.64,-0.82,-0.83,323.83,36.09,345.76
-0.62,-0.67,-0.83,-0.78,324.18,35.82,352.96
-0.62,-0.67,-0.83,-0.78,324.18,35.82,2.63
-0.73,-0.6,-0.84,-0.84,323.92,36.06,15.02
-0.69,-0.61,-0.83,-0.92,323.93,36.13,26.71
-0.69,-0.61,-0.83,-0.92,323.93,36.13,38.4
-0.66,-0.6,-0.78,-0.83,323.85,36.27,55.72
-0.62,-0.59,-0.83,-0.8,323.67,36.33,67.5
-0.64,-0.61,-0.73,-0.86,323.73,36.33,79.44
-0.64,-0.61,-0.73,-0.86,323.73,36.33,91.23
-0.71,-0.67,-0.83,-0.82,323.47,36.56,108.36
-0.63,-0.68,-0.96,-0.69,323.59,36.36,120.14
-0.63,-0.65,-0.69,-0.75,323.84,36.13,132.0
-0.61,-0.56,-0.79,-0.8,324.01,36.1,149.32
-0.68,-0.67,-0.7,-0.69,323.8,36.28,172.17
-0.77,-0.68,-0.69,-0.76,323.51,36.55,184.04
-0.77,-0.68,-0.69,-0.76,323.51,36.55,195.55
-0.56,-0.57,-0.73,-0.86,323.84,36.21,212.78
-0.61,-0.62,-0.88,-0.83,323.51,36.51,222.97
-0.69,-0.66,-0.76,-0.66,323.59,36.33,228.25
-0.69,-0.66,-0.76,-0.66,323.59,36.33,231.32
-0.61,-0.64,-0.74,-0.64,323.79,36.14,233.78
-0.6,-0.61,-0.79,-0.83,323.82,36.17,235.28
-0.63,-0.6,-0.78,-0.82,323.83,36.12,236.51
-0.63,-0.6,-0.78,-0.82,323.83,36.12,237.04
-0.65,-0.61,-0.75,-0.72,323.68,36.33,235.89
-0.63,-0.68,-0.8,-0.77,323.75,36.27,234.31
-0.68,-0.63,-0.77,-0.81,323.71,36.37,231.32
-0.68,-0.63,-0.77,-0.81,323.71,36.37,223.94
-0.63,-0.65,-0.9,-0.78,323.93,36.12,213.57
-0.43,-0.47,-0.81,-0.82,323.85,36.11,200.3
-0.52,-0.43,-1.0,-0.74,323.77,36.25,190.72
-0.52,-0.43,-1.0,-0.74,323.77,36.25,181.14
-0.73,-0.47,-0.72,-0.53,323.64,36.4,167.6
-0.41,-0.68,-0.77,-1.06,323.6,36.33,158.02
-0.77,-0.81,-0.92,-1.14,323.56,36.46,148.09
-0.77,-0.81,-0.92,-1.14,323.56,36.46,139.03
-0.7,-0.72,-0.87,-1.03,323.71,36.24,125.24
-0.75,-0.61,-0.77,-0.68,323.61,36.33,116.36
-0.62,-0.68,-0.81,-0.85,323.61,36.41,111.79
-0.62,-0.68,-0.81,-0.85,323.61,36.41,109.95
-0.66,-0.61,-0.73,-0.75,323.82,36.18,108.63
-0.53,-0.61,-0.74,-0.8,323.82,36.33,108.19
-0.53,-0.61,-0.74,-0.8,323.82,36.33,109.33
7.61,8.27,-2.1,-1.68,357.97,-0.57,113.29
15.87,15.46,10.29,12.31,62.47,-72.85,122.6
11.62,13.58,1.87,4.2,25.29,-34.92,128.84
11.62,13.58,1.87,4.2,25.29,-34.92,135.08
-4.09,2.6,-1.34,-3.18,333.74,5.16,141.24
-4.91,-7.5,19.03,15.17,251.41,88.3,147.74
-4.91,-7.5,19.03,15.17,251.41,88.3,153.89
4.44,-0.04,22.47,22.44,176.97,145.97,162.33
9.66,7.96,18.87,20.43,121.76,-140.14,164.61
13.57,13.45,11.74,12.71,67.77,-72.97,165.23
8.68,11.35,0.55,2.95,19.03,-30.68,165.23
8.68,11.35,0.55,2.95,19.03,-30.68,165.23
-9.64,-3.95,4.1,-1.23,314.67,19.72,165.23
6.66,7.33,-1.27,-1.11,0.95,-3.7,165.23
4.3,2.53,-1.53,-1.89,355.63,11.02,165.23
4.3,2.53,-1.53,-1.89,355.63,11.02,164.0
-5.47,-5.52,3.9,4.2,311.68,48.91,161.98
-7.11,-6.21,7.86,9.91,295.36,71.2,157.32
-7.11,-6.21,7.86,9.91,295.36,71.2,148.17
4.62,7.57,20.15,19.93,207.56,173.74,134.2
19.37,20.45,13.13,9.44,103.3,-77.21,124.71
17.04,9.87,-0.34,-4.87,28.19,3.68,115.04
17.04,9.87,-0.34,-4.87,28.19,3.68,105.82
-4.49,-2.93,3.77,13.17,293.76,99.58,91.84
9.47,11.04,16.87,16.96,200.52,170.32,82.17
16.73,18.91,13.53,10.51,128.1,-100.04,72.68
16.73,18.91,13.53,10.51,128.1,-100.04,62.92
14.91,2.23,-3.86,-4.45,11.15,37.36,55.37
-1.91,2.94,10.5,14.22,259.17,123.87,51.94
11.37,13.53,14.97,13.88,185.71,-171.6,50.62
11.37,13.53,14.97,13.88,185.71,-171.6,50.44
19.06,18.75,7.13,-0.05,94.16,-41.53,50.44
4.37,-0.34,-6.85,-3.67,323.17,56.09,50.44
-0.49,1.08,7.09,9.63,268.84,101.78,50.44
-0.49,1.08,7.09,9.63,268.84,101.78,50.44
11.22,12.13,14.71,14.13,179.62,-172.46,50.44
15.25,15.36,10.72,10.43,116.19,-112.74,50.44
15.25,15.36,10.72,10.43,116.19,-112.74,50.44
14.15,12.44,-1.53,-2.51,13.55,-5.67,51.06
14.02,13.96,0.51,0.59,22.56,-22.82,53.26
13.97,12.76,12.54,13.75,110.72,-127.82,61.96
13.97,12.76,12.54,13.75,110.72,-127.82,68.37
15.66,15.21,7.48,10.64,60.85,-83.68,74.69
13.67,14.66,2.84,5.62,31.76,-46.82,81.29
5.37,7.22,-2.52,-2.22,349.05,2.67,90.52
5.37,7.22,-2.52,-2.22,349.05,2.67,96.59
-5.92,-2.09,7.15,0.19,292.47,37.73,103.09
-1.58,-4.7,17.57,14.51,241.04,97.43,106.43
-1.58,-4.7,17.57,14.51,241.04,97.43,107.75
8.92,4.88,19.11,20.05,165.05,161.78,107.84
12.67,11.97,16.71,17.44,118.03,-126.97,107.84
14.94,14.96,7.96,10.44,53.0,-65.88,107.84
15.82,15.67,15.25,15.36,108.36,-109.73,107.84
15.82,15.67,15.25,15.36,108.36,-109.73,107.84
9.83,9.84,19.24,19.07,175.8,-176.67,107.4
14.68,14.96,15.72,15.37,132.39,-128.16,104.76
9.24,13.56,16.12,15.47,206.07,-177.71,100.19
9.24,13.56,16.12,15.47,206.07,-177.71,97.03
-5.3,-2.75,9.12,13.77,273.53,106.76,93.86
-2.3,-3.42,0.41,3.98,300.97,70.57,90.52
-2.3,-3.42,0.41,3.98,300.97,70.57,87.62
16.32,10.05,-3.09,-5.62,16.2,12.43,82.79
18.03,18.66,8.81,5.7,89.29,-62.87,80.24
13.7,13.69,14.46,14.76,173.38,-171.1,79.26
13.7,13.69,14.46,14.76,173.38,-171.1,79.26
5.66,8.24,16.26,15.9,216.32,152.82,79.26
-5.56,-5.63,6.42,6.3,287.24,72.5,79.26
-0.42,-0.43,0.23,0.2,309.04,50.74,79.26
-0.58,2.6,-0.38,-1.36,316.18,33.75,81.56
5.34,5.94,-2.86,-2.83,339.73,17.76,87.36
10.6,7.54,17.64,18.76,163.35,170.57,93.95
10.6,7.54,17.64,18.76,163.35,170.57,100.01
-0.15,8.73,-4.58,-1.75,344.75,-10.5,109.33
14.2,12.72,10.04,13.91,66.78,-90.46,115.83
10.57,8.45,19.24,20.24,139.74,-156.95,122.08
10.57,8.45,19.24,20.24,139.74,-156.95,128.23
-6.0,-9.18,19.12,3.48,245.24,48.46,133.75
4.6,8.5,-3.28,-1.41,2.82,-16.41,136.39
12.68,10.79,15.16,17.78,88.9,-110.87,136.49
12.68,10.79,15.16,17.78,88.9,-110.87,136.49
-1.82,-7.66,22.8,21.02,200.97,122.61,136.49
2.02,3.46,-0.73,-1.38,338.39,14.55,136.49
4.59,4.51,-2.1,-2.1,353.5,6.94,136.49
0.38,-1.85,-1.4,-0.81,334.91,30.09,133.67
-5.17,-4.84,11.57,12.99,279.6,86.74,130.6
-2.46,-3.54,1.58,4.0,309.82,56.8,127.35
-2.46,-3.54,1.58,4.0,309.82,56.8,124.1
19.64,13.42,4.64,-3.11,50.51,-6.26,120.93
13.48,14.47,16.67,16.09,151.37,-141.33,117.77
2.84,5.13,17.18,17.69,233.74,139.52,113.29
2.84,5.13,17.18,17.69,233.74,139.52,110.12
-3.85,-2.26,7.3,12.66,284.56,95.99,108.45
16.21,15.8,14.52,14.68,97.93,-99.88,108.19
12.76,12.44,-0.97,-1.02,7.2,-6.45,108.1
12.76,12.44,-0.97,-1.02,7.2,-6.45,108.1
0.24,-0.43,-1.57,-0.77,327.7,36.09,108.1
-2.08,-1.84,0.39,0.12,317.47,39.97,108.1
-2.08,-1.84,0.39,0.12,317.47,39.97,108.1
-3.21,-3.44,6.35,5.99,293.55,64.98,108.1
-4.31,-4.13,5.51,5.95,295.52,66.09,108.1
-0.47,-0.52,-1.17,-1.9,327.1,31.95,108.1
-0.47,-0.52,-1.17,-1.9,327.1,31.95,108.1
0.12,-0.1,-0.85,-1.01,324.5,35.45,108.1
0.06,0.04,-1.01,-1.02,325.7,34.4,108.1
-0.85,-0.93,-1.06,-1.01,324.46,35.44,108.1
-0.85,-0.93,-1.06,-1.01,324.46,35.44,108.1
-0.89,-0.94,-0.55,-0.54,320.81,38.98,108.1
6.0,6.02,-2.44,-2.45,350.08,9.89,108.1
3.42,3.74,-1.94,-1.94,337.78,20.61,108.1
3.42,3.74,-1.94,-1.94,337.78,20.61,108.1
3.94,3.84,-2.71,-2.52,341.34,20.12,108.1
5.32,4.87,-2.78,-2.84,348.7,13.51,108.1
0.69,0.36,-1.09,-0.87,326.26,34.93,108.1
0.69,0.36,-1.09,-0.87,326.26,34.93,108.1
-0.38,-0.36,-0.8,-0.69,324.5,35.9,108.1
-0.85,-0.85,-1.13,-1.08,325.17,34.84,108.1
-0.45,-0.56,-0.66,-0.73,323.68,36.07,108.1
-0.45,-0.56,-0.66,-0.73,323.68,36.07,108.1
-3.54,-3.54,3.03,3.05,306.26,53.77,108.1
-3.54,-3.54,3.03,3.05,306.26,53.77,108.1
-3.91,-3.85,3.37,2.96,305.86,52.93,108.1
-1.11,-1.08,-0.56,-0.73,323.03,36.74,108.1
-0.38,-0.39,-0.86,-0.87,324.03,35.97,108.1
-0.38,-0.39,-0.86,-0.87,324.03,35.97,108.1
-0.5,-0.47,-0.86,-0.86,324.36,35.88,108.1
-0.62,-0.69,-0.9,-0.88,324.05,35.95,108.1
-0.48,-0.56,-0.88,-0.91,323.62,36.41,108.1
-0.48,-0.56,-0.88,-0.91,323.62,36.41,108.1
-0.62,-0.64,-0.72,-0.72,323.39,36.58,108.1
-0.6,-0.48,-0.76,-0.78,323.89,36.16,108.1
-0.81,-0.72,-0.8,-0.78,323.65,36.33,108.1
-0.81,-0.72,-0.8,-0.78,323.65,36.33,108.1
-0.63,-0.63,-0.87,-0.99,323.69,36.34,108.1
-0.55,-0.55,-0.7,-0.7,323.68,36.29,108.1
-0.57,-0.57,-0.73,-0.68,323.51,36.44,108.1
-0.57,-0.57,-0.73,-0.68,323.51,36.44,108.1
-0.57,-0.58,-0.89,-0.84,323.73,36.33,108.1
-0.69,-0.7,-0.76,-0.77,323.5,36.55,108.1
-0.66,-0.63,-0.68,-0.67,323.4,36.62,108.1
-0.66,-0.63,-0.68,-0.67,323.4,36.62,108.1
-0.65,-0.65,-0.67,-0.67,323.54,36.43,108.1
-0.62,-0.64,-0.78,-0.7,323.54,36.42,108.1
-0.73,-0.71,-0.74,-0.77,323.52,36.48,108.1
-0.73,-0.71,-0.74,-0.77,323.52,36.48,108.1
-0.67,-0.7,-0.8,-0.89,323.76,36.26,108.1
-0.62,-0.63,-0.78,-0.8,323.5,36.5,108.1
-0.81,-0.75,-0.83,-0.85,323.12,36.84,108.1
-0.81,-0.75,-0.83,-0.85,323.12,36.84,108.1
-0.72,-0.69,-0.8,-0.76,323.45,36.5,108.1
-0.58,-0.59,-0.78,-0.77,323.66,36.29,108.1
-0.62,-0.61,-0.78,-0.77,323.66,36.32,108.1
-0.62,-0.61,-0.78,-0.77,323.66,36.32,108.1
-0.64,-0.66,-0.83,-0.74,323.65,36.54,108.1
-0.68,-0.66,-0.81,-0.78,323.64,36.34,108.1
-0.62,-0.61,-0.75,-0.74,323.71,36.27,108.1
